"","CHROM","POS","REF","ALT","ANN","SRR36459871.GT","SRR36459872.GT","SRR36459873.GT","SRR36459874.GT","SRR36459875.GT","SRR36459876.GT","SRR36459877.GT","SRR36459878.GT","SRR36459879.GT","SRR36459880.GT","SRR36459881.GT","SRR36459882.GT","SRR36459883.GT","SRR36459884.GT","SRR36459885.GT","SRR36459886.GT","SRR36459887.GT","SRR36459888.GT","SRR36459889.GT","SRR36459890.GT","SRR36459891.GT","SRR36459892.GT","Anc"
"1","scaffold_1",1189467,"C","T",NA,"0","0","0","0","0","0","0","0","0","0","0","0","0","0","0","0","0","0","0","0","T","0","C"
"2","scaffold_1",1368090,"CA","C",NA,"C","0","0","0","0","0","0","0","0","0","0","0","0","0","0","0","0","0","0","0","0","0","CA"
"3","scaffold_1",1932851,"AGGGGGGGGGGG","AG,A",NA,"0","AG","0","AG","AG","AG","AG","0","AG","AG","AG","AG","AG","AG","AGGGGGGGGGGG","AG","AG","AG","AG","AG","AG","0","A"
"4","scaffold_1",2007972,"GCCC","G,GC",NA,"0","0","0","G","G","GCCC","0","0","0","0","0","0","GCCC","G","0","0","0","0","0","0","0","G","GC"
"5","scaffold_1",2518119,"GCC","G,CCC",NA,"0","GCC","0","0","0","0","GCC","GCC","0","GCC","0","0","0","GCC","0","CCC","GCC","GCC","0","0","0","0","G"
"6","scaffold_1",2605894,"CA","C,CAAAAAAAAA",NA,"CAAAAAAAAA","C","0","C","C","C","CAAAAAAAAA","C","C","C","C","C","C","C","C","CAAAAAAAAA","0","C","C","0","0","C","CA"
"7","scaffold_1",2895372,"TC","T",NA,"0","0","0","TC","0","0","0","0","0","0","0","0","0","0","0","0","0","0","0","0","0","0","T"
"8","scaffold_1",3483233,"G","GTCGAGGGATCGT",NA,"0","0","0","0","0","0","0","0","0","0","0","0","0","0","GTCGAGGGATCGT","0","0","0","0","0","0","0","G"
"9","scaffold_1",3680605,"TGGG","T",NA,"TGGG","TGGG","TGGG","TGGG","TGGG","TGGG","TGGG","TGGG","TGGG","TGGG","TGGG","TGGG","0","TGGG","0","0","TGGG","TGGG","0","0","TGGG","0","T"
"10","scaffold_1",4608171,"TAA","T,TA",NA,"0","TA","0","0","0","0","0","0","0","TA","TA","0","0","TAA","0","0","0","0","0","0","TA","0","T"
"11","scaffold_1",5029186,"GC","G",NA,"GC","0","0","0","GC","0","0","0","0","0","0","0","0","0","0","GC","0","0","0","0","0","0","G"
"12","scaffold_1",5273085,"T","TAC",NA,"0","0","0","0","0","0","0","0","0","0","0","0","0","0","0","0","0","0","0","TAC","0","0","T"
"13","scaffold_1",5595359,"C","CGAG",NA,"0","0","0","CGAG","0","0","0","0","0","0","0","0","0","0","0","0","0","0","0","0","0","0","C"
"14","scaffold_1",7085291,"TAA","T,TAAAAA",NA,"0","0","0","0","0","0","0","T","T","T","0","T","0","T","0","0","TAAAAA","0","0","0","0","0","TAA"
"15","scaffold_1",7161868,"C","T",NA,"0","0","0","0","0","0","0","0","0","0","T","0","0","0","0","0","0","0","0","0","0","0","C"
"16","scaffold_1",7174000,"TA","T",NA,"0","0","0","0","0","TA","0","0","0","0","0","0","0","0","0","0","0","0","0","0","0","0","T"
"17","scaffold_1",7769850,"ACCCCCCCCCCCCC","AC,A,ACC",NA,"ACC","0","0","ACCCCCCCCCCCCC","0","0","0","AC","A","0","0","ACCCCCCCCCCCCC","ACCCCCCCCCCCCC","0","0","0","0","0","0","AC","0","0","."
"18","scaffold_1",8364872,"A","AAGTGTTGCGAGTGTTGCG",NA,"0","0","0","0","0","0","0","0","0","0","AAGTGTTGCGAGTGTTGCG","0","0","0","0","0","0","0","0","0","0","0","A"
"19","scaffold_1",8769182,"CGGGGG","C",NA,"0","0","0","0","0","0","0","C","C","C","0","0","C","0","0","0","0","0","0","0","0","0","CGGGGG"
"20","scaffold_1",8984398,"A","T",NA,"0","0","0","0","0","0","0","0","0","0","T","0","0","0","0","0","0","0","0","0","0","0","A"
"21","scaffold_1",8992680,"A","G",NA,"0","0","0","0","0","0","0","0","0","0","0","0","0","0","G","0","0","0","0","0","0","0","A"
"22","scaffold_1",8994168,"T","TA",NA,"0","0","0","0","TA","0","0","0","0","0","0","0","0","0","0","0","0","0","0","0","0","0","T"
"23","scaffold_1",9016799,"C","A",NA,"0","0","0","0","0","0","0","0","0","0","0","0","0","0","A","0","0","0","0","0","0","0","C"
"24","scaffold_1",9113067,"ACCCCCCC","AC,ACC,A",NA,"AC","AC","ACC","AC","ACC","AC","0","AC","ACCCCCCC","ACCCCCCC","AC","AC","ACCCCCCC","AC","AC","AC","AC","AC","ACCCCCCC","AC","AC","ACCCCCCC","A"
"25","scaffold_1",9206558,"TGGGGGGGG","TG,T",NA,"0","0","0","T","0","T","0","0","0","0","0","T","0","0","0","0","0","0","0","0","0","0","TG"
"26","scaffold_1",9676409,"AG","A",NA,"A","A","A","A","A","A","A","A","A","A","A","A","A","A","A","A","A","A","A","0","A","A","AG"
"27","scaffold_1",10356925,"GT","G",NA,"0","G","0","G","G","G","G","G","G","G","0","G","G","G","G","G","G","0","G","G","G","G","GT"
"28","scaffold_1",10675678,"TCCC","T",NA,"0","0","0","0","0","0","0","0","0","0","0","0","0","T","0","0","0","0","0","0","0","0","TCCC"
"29","scaffold_1",10827638,"AGGGGGG","A,AG",NA,"AGGGGGG","0","0","0","0","A","0","0","0","AGGGGGG","A","AGGGGGG","AGGGGGG","0","0","AGGGGGG","A","A","A","AGGGGGG","AGGGGGG","A","AG"
"30","scaffold_1",10827665,"A","T",NA,"0","0","0","0","0","T","0","0","0","0","0","0","0","0","0","0","0","0","0","0","0","0","A"
"31","scaffold_2",1580845,"T","A",NA,"0","0","0","0","0","0","0","0","0","0","0","0","0","0","0","0","0","0","A","0","0","0","T"
"32","scaffold_2",2009810,"CA","C",NA,"0","C","0","0","0","0","0","0","0","0","0","0","0","C","C","0","0","C","0","0","C","C","CA"
"33","scaffold_2",2065948,"CT","C",NA,"0","0","0","0","C","0","0","0","C","C","0","C","C","C","0","0","0","C","C","0","C","0","CT"
"34","scaffold_2",2308616,"GA","G",NA,"0","0","GA","0","0","0","0","0","0","0","0","0","0","0","0","0","0","0","0","0","0","0","G"
"35","scaffold_2",2534964,"C","A",NA,"0","0","0","0","0","0","0","0","0","0","0","A","0","0","0","0","0","0","0","0","0","0","C"
"36","scaffold_2",2902398,"C","T",NA,"0","0","0","0","0","0","0","T","T","0","0","0","0","0","0","0","0","0","0","0","0","0","C"
"37","scaffold_2",2902407,"T","TGGGGGGGGGGGG,TGGGGGGGGGGGGGGGGGGGG,TGGGGGGGGGGGGGGGGGG,TGGGGGGGGGGGGGGGGGGGGGGGGGGGGGGGGGGGGGGGGGGGGGGGGGGGGG",NA,"0","TGGGGGGGGGGGG","TGGGGGGGGGGGGGGGGGGGG","0","0","0","TGGGGGGGGGGGG","TGGGGGGGGGGGGGGGGGGGGGGGGGGGGGGGGGGGGGGGGGGGGGGGGGGGGG","0","0","0","0","0","0","0","0","0","0","0","TGGGGGGGGGGGGGGGGGG","0","0","T"
"38","scaffold_2",2902408,"GCCCCCCCCCCCCCCCC","G",NA,"0","0","0","0","0","0","0","0","0","0","0","0","0","0","G","0","0","0","0","0","0","0","GCCCCCCCCCCCCCCCC"
"39","scaffold_2",2999559,"G","A",NA,"0","0","0","0","0","0","0","0","0","0","0","0","0","0","0","A","0","0","0","0","0","0","G"
"40","scaffold_2",3212808,"CGGGGGGGG","CGG,C",NA,"CGG","CGG","0","CGG","0","0","CGG","C","C","0","0","C","CGG","0","CGG","CGG","CGG","CGG","CGG","CGG","CGG","0","CGGGGGGGG"
"41","scaffold_2",3321185,"T","C",NA,"0","0","0","0","0","0","0","C","0","0","0","0","0","0","0","0","0","0","0","0","0","0","T"
"42","scaffold_2",3335854,"T","C",NA,"0","0","0","0","0","0","0","C","0","0","0","0","0","0","0","0","0","0","0","0","0","0","T"
"43","scaffold_2",3335860,"T","C",NA,"0","0","0","0","0","0","0","C","0","0","0","0","0","0","0","0","0","0","0","0","0","0","T"
"44","scaffold_2",3342016,"G","A",NA,"0","0","0","0","0","0","0","0","A","0","0","0","0","0","0","0","0","0","0","0","0","0","G"
"45","scaffold_2",3996443,"G","A",NA,"0","0","0","0","0","0","0","0","0","0","0","0","0","0","0","0","0","0","A","0","0","0","G"
"46","scaffold_2",4251493,"G","GC",NA,"0","0","0","0","GC","0","0","0","0","0","0","0","0","0","0","0","0","0","0","0","0","0","G"
"47","scaffold_2",4540531,"GCCCCCCCCCCCCCCCC","GC,GCC,G",NA,"G","0","0","0","GCC","0","GC","0","0","0","0","0","0","0","0","0","GC","0","0","0","0","GCC","GCCCCCCCCCCCCCCCC"
"48","scaffold_2",6485619,"AC","A",NA,"A","A","0","A","A","0","0","A","A","A","A","A","A","A","0","A","0","0","A","A","0","A","AC"
"49","scaffold_2",7285455,"G","C",NA,"C","0","0","0","0","0","0","0","0","0","C","0","0","0","0","0","0","0","0","0","0","0","."
"50","scaffold_2",8170283,"GT","G",NA,"0","0","GT","0","0","GT","0","GT","0","0","0","GT","GT","GT","0","0","0","0","GT","0","GT","GT","G"
"51","scaffold_2",8344068,"G","A",NA,"0","0","0","0","0","A","0","0","0","0","0","0","0","0","0","0","0","0","0","0","0","0","G"
"52","scaffold_2",8384644,"AC","A",NA,"0","0","0","0","AC","0","0","0","0","0","0","0","0","0","0","0","0","0","0","0","0","0","A"
"53","scaffold_2",8559147,"CT","C",NA,"0","C","0","0","0","0","0","C","0","C","0","C","0","C","0","0","C","0","0","C","0","C","CT"
"54","scaffold_2",9028661,"G","A",NA,"0","0","0","0","0","A","0","0","0","0","0","0","0","0","0","0","0","0","0","0","0","0","G"
"55","scaffold_3",574398,"TGG","TG,T",NA,"0","0","TGG","0","TGG","T","0","T","0","0","0","0","0","0","0","0","T","0","TGG","0","0","TGG","TG"
"56","scaffold_3",1412007,"GCCCCCC","GCC,GC,G",NA,"0","G","0","GC","0","0","0","0","0","GCCCCCC","0","0","0","0","0","0","0","0","0","0","0","0","GCC"
"57","scaffold_3",1598710,"ACC","A,AC",NA,"0","0","0","0","0","0","0","0","0","0","0","0","0","0","0","0","0","A","0","0","0","0","AC"
"58","scaffold_3",1726755,"GAAA","G",NA,"0","0","0","0","0","0","0","G","0","G","0","0","0","0","0","0","0","0","0","0","0","0","GAAA"
"59","scaffold_3",2199767,"GCCCCCCCCCCCCCCC","G,GC",NA,"GC","GCCCCCCCCCCCCCCC","GCCCCCCCCCCCCCCC","GCCCCCCCCCCCCCCC","GCCCCCCCCCCCCCCC","GCCCCCCCCCCCCCCC","GCCCCCCCCCCCCCCC","GCCCCCCCCCCCCCCC","GCCCCCCCCCCCCCCC","GCCCCCCCCCCCCCCC","GCCCCCCCCCCCCCCC","GCCCCCCCCCCCCCCC","GCCCCCCCCCCCCCCC","GCCCCCCCCCCCCCCC","GCCCCCCCCCCCCCCC","GCCCCCCCCCCCCCCC","GC","GCCCCCCCCCCCCCCC","GC","GCCCCCCCCCCCCCCC","GCCCCCCCCCCCCCCC","GCCCCCCCCCCCCCCC","G"
"60","scaffold_3",3304782,"G","GCAGCA,GCAGCATTGGCCCAAAAAGAGCCGCGCCGCTGGTGTATGTAATTA,GCAGCATTGGCCCAAAAAGAGCCGCGCCGCTGGTGTATGTAA",NA,"0","0","0","0","0","0","0","0","0","0","0","GCAGCA","GCAGCATTGGCCCAAAAAGAGCCGCGCCGCTGGTGTATGTAA","0","0","0","0","0","0","0","0","0","GCAGCATTGGCCCAAAAAGAGCCGCGCCGCTGGTGTATGTAATTA"
"61","scaffold_3",3304785,"G","GGCCCAAAAAGAGCCGCGCCGCTGGTGT",NA,"0","0","0","0","0","0","0","0","0","0","0","GGCCCAAAAAGAGCCGCGCCGCTGGTGT","0","0","0","0","0","0","0","0","0","0","."
"62","scaffold_3",4427974,"A","G",NA,"0","0","0","0","0","0","0","0","0","0","0","0","0","0","0","0","0","0","0","G","0","0","A"
"63","scaffold_3",4641578,"TGGGGG","TGG,TG,T",NA,"0","0","0","0","TG","TG","0","TG","0","T","T","0","0","0","0","0","TG","TG","0","0","0","0","TGG"
"64","scaffold_3",4641605,"T","A",NA,"0","0","0","0","0","0","0","0","0","0","0","0","0","0","0","0","0","0","0","0","0","A","T"
"65","scaffold_3",4763510,"GCCCCCCC","GC,G",NA,"0","G","0","G","0","GCCCCCCC","0","0","0","GCCCCCCC","G","0","GCCCCCCC","0","0","0","0","0","0","0","0","0","GC"
"66","scaffold_3",5043917,"TGGGGGGGGGGGGGGGGGG","TGG,TG,T",NA,"0","0","0","T","0","0","TGG","TG","0","0","0","TGG","0","0","0","0","0","0","TGG","0","0","TGG","TGGGGGGGGGGGGGGGGGG"
"67","scaffold_3",5043955,"A","T",NA,"0","0","0","T","0","0","T","0","0","0","0","0","0","0","0","0","0","0","T","0","0","T","A"
"68","scaffold_3",5081814,"AATAT","A",NA,"AATAT","0","0","AATAT","0","0","AATAT","AATAT","0","0","0","AATAT","0","AATAT","0","0","AATAT","0","A","0","0","AATAT","."
"69","scaffold_3",5103303,"A","T",NA,"0","0","0","0","0","0","0","0","0","0","0","0","0","0","0","T","0","0","0","0","0","0","A"
"70","scaffold_3",5112129,"A","T",NA,"0","0","0","0","0","0","0","0","0","0","T","0","0","0","0","0","0","0","0","0","0","0","A"
"71","scaffold_3",5112130,"T","A",NA,"0","0","0","0","A","0","0","0","0","0","0","0","0","0","0","0","0","0","0","0","0","0","T"
"72","scaffold_3",5127915,"A","T",NA,"0","0","0","0","0","0","0","0","0","0","0","0","0","0","0","0","0","0","0","0","T","0","A"
"73","scaffold_3",5128059,"ATCT","A",NA,"0","0","0","0","0","0","0","0","0","0","0","0","0","0","A","0","0","0","0","0","0","0","ATCT"
"74","scaffold_3",5128064,"T","A",NA,"0","0","0","0","0","0","0","0","0","0","0","0","0","0","A","0","0","0","0","0","0","0","T"
"75","scaffold_3",5634003,"TGGG","TG,T",NA,"0","0","0","0","0","0","0","0","0","0","0","0","0","0","0","0","0","0","0","T","0","0","TG"
"76","scaffold_3",8033404,"AG","A",NA,"0","A","0","0","0","0","0","0","0","0","0","0","0","0","0","0","0","0","0","0","0","0","AG"
"77","scaffold_3",8033409,"CGAAGGTTGACGAT","C",NA,"C","C","C","C","0","C","0","0","0","0","C","0","0","0","0","0","0","0","C","C","0","0","CGAAGGTTGACGAT"
"78","scaffold_3",8033423,"T","TCGGTCCTATGGTCATTAGCGTGAATGGAGAGTAAAAGTGGGGTACACGTGACTATGTCAGTTAGATCGTAACAATTGAACAGAACGATAAATGAGGTTTCCTAGGGGGGGCCTCGATATTGCTTGACGGGGGATTGTATAAAGAATGACGGAGAGTCTCGGTATTACTTAACAGGGAATTGAATAATGAAAATAATAAAATGATACCTTATGATA,*",NA,"0","0","0","0","0","0","0","TCGGTCCTATGGTCATTAGCGTGAATGGAGAGTAAAAGTGGGGTACACGTGACTATGTCAGTTAGATCGTAACAATTGAACAGAACGATAAATGAGGTTTCCTAGGGGGGGCCTCGATATTGCTTGACGGGGGATTGTATAAAGAATGACGGAGAGTCTCGGTATTACTTAACAGGGAATTGAATAATGAAAATAATAAAATGATACCTTATGATA","TCGGTCCTATGGTCATTAGCGTGAATGGAGAGTAAAAGTGGGGTACACGTGACTATGTCAGTTAGATCGTAACAATTGAACAGAACGATAAATGAGGTTTCCTAGGGGGGGCCTCGATATTGCTTGACGGGGGATTGTATAAAGAATGACGGAGAGTCTCGGTATTACTTAACAGGGAATTGAATAATGAAAATAATAAAATGATACCTTATGATA","TCGGTCCTATGGTCATTAGCGTGAATGGAGAGTAAAAGTGGGGTACACGTGACTATGTCAGTTAGATCGTAACAATTGAACAGAACGATAAATGAGGTTTCCTAGGGGGGGCCTCGATATTGCTTGACGGGGGATTGTATAAAGAATGACGGAGAGTCTCGGTATTACTTAACAGGGAATTGAATAATGAAAATAATAAAATGATACCTTATGATA","0","TCGGTCCTATGGTCATTAGCGTGAATGGAGAGTAAAAGTGGGGTACACGTGACTATGTCAGTTAGATCGTAACAATTGAACAGAACGATAAATGAGGTTTCCTAGGGGGGGCCTCGATATTGCTTGACGGGGGATTGTATAAAGAATGACGGAGAGTCTCGGTATTACTTAACAGGGAATTGAATAATGAAAATAATAAAATGATACCTTATGATA","TCGGTCCTATGGTCATTAGCGTGAATGGAGAGTAAAAGTGGGGTACACGTGACTATGTCAGTTAGATCGTAACAATTGAACAGAACGATAAATGAGGTTTCCTAGGGGGGGCCTCGATATTGCTTGACGGGGGATTGTATAAAGAATGACGGAGAGTCTCGGTATTACTTAACAGGGAATTGAATAATGAAAATAATAAAATGATACCTTATGATA","TCGGTCCTATGGTCATTAGCGTGAATGGAGAGTAAAAGTGGGGTACACGTGACTATGTCAGTTAGATCGTAACAATTGAACAGAACGATAAATGAGGTTTCCTAGGGGGGGCCTCGATATTGCTTGACGGGGGATTGTATAAAGAATGACGGAGAGTCTCGGTATTACTTAACAGGGAATTGAATAATGAAAATAATAAAATGATACCTTATGATA","0","0","TCGGTCCTATGGTCATTAGCGTGAATGGAGAGTAAAAGTGGGGTACACGTGACTATGTCAGTTAGATCGTAACAATTGAACAGAACGATAAATGAGGTTTCCTAGGGGGGGCCTCGATATTGCTTGACGGGGGATTGTATAAAGAATGACGGAGAGTCTCGGTATTACTTAACAGGGAATTGAATAATGAAAATAATAAAATGATACCTTATGATA","0","*","0","0","0","T"
"79","scaffold_3",8041075,"ACCTACCTACCCTCCCGAAAACCCCCCCCTGAAAAGGGACCACCTATTCCCTAGGCCTCCTAACTGAAAG","A",NA,"0","0","A","A","0","A","A","0","0","0","0","0","0","0","A","A","0","A","0","0","A","0","ACCTACCTACCCTCCCGAAAACCCCCCCCTGAAAAGGGACCACCTATTCCCTAGGCCTCCTAACTGAAAG"
"80","scaffold_3",8041087,"T","C,*",NA,"0","C","*","*","0","*","*","0","0","0","0","0","0","0","*","0","0","*","0","0","0","0","."
"81","scaffold_4",286809,"G","A",NA,"0","0","0","0","0","0","0","0","0","0","0","0","0","0","A","0","0","0","0","0","0","0","G"
"82","scaffold_4",286812,"T","C",NA,"0","0","0","0","0","0","0","0","0","0","0","0","0","0","C","0","0","0","0","0","0","0","T"
"83","scaffold_4",599114,"TCCCCCC","T",NA,"0","0","0","0","0","0","0","0","0","0","0","0","0","0","TCCCCCC","0","0","0","0","0","0","0","T"
"84","scaffold_4",1255611,"G","A",NA,"0","0","0","0","0","0","0","0","0","0","0","0","0","0","0","0","0","0","A","0","0","0","G"
"85","scaffold_4",1390117,"GTT","G",NA,"0","0","0","0","0","0","0","G","0","0","0","G","G","G","0","0","0","0","0","0","0","0","GTT"
"86","scaffold_4",1820166,"GCC","G",NA,"GCC","0","0","0","0","0","GCC","GCC","0","0","0","0","0","0","0","0","0","0","0","0","0","0","G"
"87","scaffold_4",2163873,"ACCC","A,AC",NA,"0","0","0","0","0","0","0","0","0","A","0","0","0","0","0","0","0","0","0","0","0","0","AC"
"88","scaffold_4",2194478,"AGGG","A,AG",NA,"0","0","A","0","0","0","0","0","A","0","0","0","0","A","0","0","0","0","0","0","0","0","AG"
"89","scaffold_4",2359482,"ACCCCCCCCCCCCCCC","A,AC",NA,"ACCCCCCCCCCCCCCC","AC","ACCCCCCCCCCCCCCC","ACCCCCCCCCCCCCCC","ACCCCCCCCCCCCCCC","ACCCCCCCCCCCCCCC","AC","ACCCCCCCCCCCCCCC","ACCCCCCCCCCCCCCC","ACCCCCCCCCCCCCCC","ACCCCCCCCCCCCCCC","0","ACCCCCCCCCCCCCCC","ACCCCCCCCCCCCCCC","0","0","ACCCCCCCCCCCCCCC","AC","0","0","ACCCCCCCCCCCCCCC","0","A"
"90","scaffold_4",2595604,"G","A",NA,"0","0","0","0","0","0","0","0","0","0","0","0","0","0","0","0","0","0","0","0","0","A","G"
"91","scaffold_4",2634736,"TCC","TC,T",NA,"TC","TCC","0","TC","TCC","TC","TCC","TC","0","TC","TC","TCC","TC","TC","TC","TC","TCC","TCC","TCC","TCC","TC","0","T"
"92","scaffold_4",2746703,"T","TA",NA,"0","0","0","0","0","0","0","TA","TA","TA","0","0","0","0","0","0","0","TA","0","0","0","0","T"
"93","scaffold_4",2856071,"G","GCC",NA,"0","0","0","0","0","0","0","0","0","0","0","0","0","0","0","0","0","0","0","0","0","GCC","G"
"94","scaffold_4",2856072,"C","CCCG",NA,"0","0","0","CCCG","0","0","0","0","0","0","0","0","0","0","0","0","0","0","0","0","0","0","C"
"95","scaffold_4",2856073,"C","CCG",NA,"0","0","0","0","0","CCG","0","0","0","0","CCG","0","0","0","0","0","0","CCG","CCG","0","0","0","C"
"96","scaffold_4",2975416,"ACCCCCC","A,AC",NA,"AC","0","AC","AC","AC","AC","AC","AC","0","AC","AC","ACCCCCC","ACCCCCC","AC","AC","AC","0","0","AC","0","AC","ACCCCCC","A"
"97","scaffold_4",3176720,"CA","C",NA,"0","CA","CA","0","0","0","CA","0","0","0","0","0","0","CA","0","0","CA","CA","0","CA","CA","0","C"
"98","scaffold_4",4061003,"CG","C",NA,"0","0","0","0","CG","0","0","0","0","0","0","0","0","0","0","0","0","0","0","0","0","0","C"
"99","scaffold_4",4387258,"C","T",NA,"0","0","0","0","0","0","0","0","0","0","0","0","0","0","0","0","T","0","0","0","0","0","C"
"100","scaffold_4",4900817,"G","A",NA,"0","0","0","0","0","0","0","0","0","0","0","0","0","0","0","0","0","0","0","0","A","0","G"
"101","scaffold_4",4947235,"TA","T",NA,"0","0","0","0","T","0","0","0","0","0","0","0","0","0","0","0","0","0","0","0","0","0","TA"
"102","scaffold_4",4979339,"TGG","TG,T",NA,"0","0","0","0","0","0","0","0","0","T","TGG","0","0","0","0","0","0","0","0","0","0","0","TG"
"103","scaffold_4",5308478,"AG","A",NA,"0","0","0","0","0","0","0","0","0","A","0","0","A","0","0","0","0","0","0","0","0","0","AG"
"104","scaffold_4",5410255,"A","T",NA,"0","0","0","0","0","0","0","0","0","0","0","0","0","0","T","0","0","0","0","0","0","0","A"
"105","scaffold_4",5425656,"A","G",NA,"0","0","0","0","0","0","0","0","0","0","0","0","0","0","G","0","0","0","0","0","0","0","A"
"106","scaffold_4",5431413,"A","T",NA,"0","0","0","0","0","0","0","T","T","T","0","0","0","0","0","0","0","T","0","0","0","0","A"
"107","scaffold_4",5920012,"TCCCCCCCCCC","T",NA,"0","TCCCCCCCCCC","0","0","0","TCCCCCCCCCC","0","0","TCCCCCCCCCC","TCCCCCCCCCC","TCCCCCCCCCC","TCCCCCCCCCC","TCCCCCCCCCC","T","0","TCCCCCCCCCC","0","0","TCCCCCCCCCC","0","0","0","."
"108","scaffold_4",6552285,"G","A",NA,"0","0","0","A","0","0","0","0","0","0","0","0","0","0","0","0","0","0","0","0","0","0","G"
"109","scaffold_4",6957462,"G","A",NA,"A","0","0","0","0","0","0","0","0","0","0","0","0","0","0","0","0","0","A","A","A","0","G"
"110","scaffold_4",7322152,"ACCCCCC","ACC,AC,A",NA,"AC","ACC","AC","ACC","ACCCCCC","ACC","ACC","ACCCCCC","ACC","ACC","ACCCCCC","ACC","ACC","ACC","ACC","ACCCCCC","ACC","ACC","ACC","ACC","ACC","ACC","A"
"111","scaffold_4",7409546,"CT","C",NA,"0","0","0","CT","0","0","0","0","0","0","0","0","0","0","0","0","0","0","0","0","0","0","C"
"112","scaffold_4",7511266,"A","AG",NA,"0","0","0","0","0","0","AG","0","0","0","0","0","0","0","0","0","0","0","0","0","0","0","A"
